Date,Open,High,Low,Close,Adj Close,Volume,Dividends,Stock Splits
2025-05-17 00:00:00+00:00,2536.297607421875,2537.78173828125,2449.0693359375,2475.75439453125,2475.75439453125,18830706230,0.0,0.0
2025-05-18 00:00:00+00:00,2475.76953125,2585.697021484375,2344.668212890625,2498.233642578125,2498.233642578125,25005164865,0.0,0.0
2025-05-19 00:00:00+00:00,2498.800048828125,2545.461181640625,2353.427001953125,2529.166748046875,2529.166748046875,27351331811,0.0,0.0
2025-05-20 00:00:00+00:00,2529.135009765625,2585.619873046875,2446.44677734375,2524.173095703125,2524.173095703125,23453322578,0.0,0.0
2025-05-21 00:00:00+00:00,2524.1591796875,2614.060791015625,2454.537841796875,2552.34716796875,2552.34716796875,31952904125,0.0,0.0
2025-05-22 00:00:00+00:00,2552.766845703125,2691.102294921875,2546.434814453125,2664.156982421875,2664.156982421875,26596978352,0.0,0.0
2025-05-23 00:00:00+00:00,2664.08203125,2731.220703125,2504.87353515625,2526.44189453125,2526.44189453125,30536501878,0.0,0.0
2025-05-24 00:00:00+00:00,2526.387939453125,2575.13134765625,2516.01806640625,2530.646240234375,2530.646240234375,11380899856,0.0,0.0
2025-05-25 00:00:00+00:00,2530.89013671875,2553.869140625,2467.880126953125,2551.763916015625,2551.763916015625,14556431364,0.0,0.0
2025-05-26 00:00:00+00:00,2551.380859375,2598.566650390625,2530.321533203125,2564.138427734375,2564.138427734375,14936610009,0.0,0.0
2025-05-27 00:00:00+00:00,2564.140869140625,2712.28515625,2512.588623046875,2663.06982421875,2663.06982421875,26264200536,0.0,0.0
2025-05-28 00:00:00+00:00,2663.01025390625,2688.7421875,2611.160888671875,2682.212890625,2682.212890625,19087366068,0.0,0.0
2025-05-29 00:00:00+00:00,2681.84326171875,2784.75244140625,2620.982666015625,2632.65478515625,2632.65478515625,27567479811,0.0,0.0
2025-05-30 00:00:00+00:00,2632.8359375,2648.2607421875,2510.163818359375,2529.943603515625,2529.943603515625,24599403943,0.0,0.0
2025-05-31 00:00:00+00:00,2529.833984375,2550.483642578125,2484.215576171875,2529.08740234375,2529.08740234375,13992843765,0.0,0.0
2025-06-01 00:00:00+00:00,2529.0966796875,2547.77294921875,2472.540771484375,2536.266357421875,2536.266357421875,13287852482,0.0,0.0
2025-06-02 00:00:00+00:00,2536.184814453125,2615.515625,2477.292724609375,2607.097412109375,2607.097412109375,16744168824,0.0,0.0
2025-06-03 00:00:00+00:00,2607.197509765625,2652.418701171875,2582.25048828125,2593.2802734375,2593.2802734375,18291179016,0.0,0.0
2025-06-04 00:00:00+00:00,2593.482666015625,2677.970458984375,2585.73779296875,2608.64306640625,2608.64306640625,18621211035,0.0,0.0
2025-06-05 00:00:00+00:00,2608.607177734375,2640.60400390625,2395.753662109375,2416.28564453125,2416.28564453125,26194462737,0.0,0.0
2025-06-06 00:00:00+00:00,2416.455078125,2530.391845703125,2387.608642578125,2477.19482421875,2477.19482421875,19407449565,0.0,0.0
2025-06-07 00:00:00+00:00,2477.183349609375,2543.048828125,2459.13720703125,2526.50537109375,2526.50537109375,11664303387,0.0,0.0
2025-06-08 00:00:00+00:00,2526.193359375,2547.467041015625,2493.920166015625,2510.787109375,2510.787109375,12097170203,0.0,0.0
2025-06-09 00:00:00+00:00,2510.838134765625,2693.806640625,2479.867919921875,2681.51708984375,2681.51708984375,20605172560,0.0,0.0
2025-06-10 00:00:00+00:00,2681.285400390625,2824.80810546875,2658.67724609375,2813.517578125,2813.517578125,35555755055,0.0,0.0
2025-06-11 00:00:00+00:00,2813.73974609375,2877.62939453125,2746.4599609375,2773.529296875,2773.529296875,30705408054,0.0,0.0
2025-06-12 00:00:00+00:00,2773.597900390625,2784.2626953125,2619.966552734375,2651.795166015625,2651.795166015625,25924959613,0.0,0.0
2025-06-13 00:00:00+00:00,2651.91552734375,2651.91552734375,2443.962646484375,2579.486083984375,2579.486083984375,37986747138,0.0,0.0
2025-06-14 00:00:00+00:00,2579.721435546875,2580.158203125,2491.49072265625,2533.444091796875,2533.444091796875,14285000473,0.0,0.0
2025-06-15 00:00:00+00:00,2533.183349609375,2558.677734375,2493.20458984375,2546.837158203125,2546.837158203125,13961893828,0.0,0.0
2025-06-16 00:00:00+00:00,2547.226806640625,2680.087646484375,2517.145263671875,2540.60498046875,2540.60498046875,22792449577,0.0,0.0
2025-06-17 00:00:00+00:00,2540.314453125,2617.9013671875,2456.64892578125,2510.761474609375,2510.761474609375,25653232897,0.0,0.0
2025-06-18 00:00:00+00:00,2510.81689453125,2546.62744140625,2469.05029296875,2524.301513671875,2524.301513671875,19873957905,0.0,0.0
2025-06-19 00:00:00+00:00,2524.404052734375,2546.76953125,2486.101806640625,2521.653564453125,2521.653564453125,12782730709,0.0,0.0
2025-06-20 00:00:00+00:00,2521.5263671875,2569.0146484375,2371.474365234375,2407.30419921875,2407.30419921875,22592586688,0.0,0.0
2025-06-21 00:00:00+00:00,2407.34765625,2448.41162109375,2222.8125,2300.49560546875,2300.49560546875,16108791762,0.0,0.0
2025-06-22 00:00:00+00:00,2298.8427734375,2313.85302734375,2116.681396484375,2228.213134765625,2228.213134765625,28458151601,0.0,0.0
2025-06-23 00:00:00+00:00,2228.484619140625,2434.23974609375,2191.418212890625,2421.824951171875,2421.824951171875,26247439429,0.0,0.0
2025-06-24 00:00:00+00:00,2421.83056640625,2481.222900390625,2379.5693359375,2448.0087890625,2448.0087890625,19539047009,0.0,0.0
2025-06-25 00:00:00+00:00,2448.7373046875,2468.677978515625,2394.607421875,2419.310302734375,2419.310302734375,17158118625,0.0,0.0
2025-06-26 00:00:00+00:00,2419.15478515625,2519.619873046875,2399.533935546875,2416.146728515625,2416.146728515625,18300413888,0.0,0.0
2025-06-27 00:00:00+00:00,2416.023193359375,2463.15478515625,2386.324951171875,2423.866943359375,2423.866943359375,15309834970,0.0,0.0
2025-06-28 00:00:00+00:00,2423.92529296875,2448.191650390625,2407.76171875,2437.109375,2437.109375,8273074809,0.0,0.0
2025-06-29 00:00:00+00:00,2437.11474609375,2523.320556640625,2417.625244140625,2500.9599609375,2500.9599609375,12500580479,0.0,0.0
2025-06-30 00:00:00+00:00,2500.60546875,2521.720458984375,2438.054931640625,2486.46435546875,2486.46435546875,16859727663,0.0,0.0
2025-07-01 00:00:00+00:00,2486.428466796875,2500.591796875,2389.81591796875,2405.792724609375,2405.792724609375,15025451796,0.0,0.0
2025-07-02 00:00:00+00:00,2405.857421875,2616.78369140625,2378.3935546875,2571.33544921875,2571.33544921875,22792512025,0.0,0.0
2025-07-03 00:00:00+00:00,2570.796630859375,2635.192138671875,2558.58251953125,2591.00732421875,2591.00732421875,20873559425,0.0,0.0
2025-07-04 00:00:00+00:00,2590.845703125,2601.11962890625,2475.7548828125,2508.518310546875,2508.518310546875,17222740209,0.0,0.0
2025-07-05 00:00:00+00:00,2508.095947265625,2529.84228515625,2489.00244140625,2517.280029296875,2517.280029296875,9289382302,0.0,0.0
2025-07-06 00:00:00+00:00,2517.280029296875,2603.064697265625,2505.370849609375,2571.236572265625,2571.236572265625,13190436110,0.0,0.0
2025-07-07 00:00:00+00:00,2571.395263671875,2589.324951171875,2517.903564453125,2543.01318359375,2543.01318359375,18440266947,0.0,0.0
2025-07-08 00:00:00+00:00,2542.97265625,2626.66455078125,2525.437744140625,2615.505859375,2615.505859375,17537487206,0.0,0.0
2025-07-09 00:00:00+00:00,2615.505859375,2794.5185546875,2591.947021484375,2770.777587890625,2770.777587890625,27229452849,0.0,0.0
2025-07-10 00:00:00+00:00,2770.7373046875,2995.152099609375,2757.2666015625,2954.84521484375,2954.84521484375,33929201261,0.0,0.0
2025-07-11 00:00:00+00:00,2954.832763671875,3038.14111328125,2916.95654296875,2957.88623046875,2957.88623046875,36226558863,0.0,0.0
2025-07-12 00:00:00+00:00,2958.333740234375,2979.780029296875,2907.193603515625,2942.91162109375,2942.91162109375,16317198254,0.0,0.0
2025-07-13 00:00:00+00:00,2942.853515625,3016.3935546875,2938.736572265625,2973.35888671875,2973.35888671875,17361753131,0.0,0.0
2025-07-14 00:00:00+00:00,2973.22509765625,3079.985595703125,2965.32373046875,3013.350830078125,3013.350830078125,36349290556,0.0,0.0
2025-07-15 00:00:00+00:00,3013.29345703125,3142.42724609375,2934.371337890625,3139.8896484375,3139.8896484375,39013656112,0.0,0.0
2025-07-16 00:00:00+00:00,3139.8896484375,3422.60302734375,3102.477783203125,3371.5068359375,3371.5068359375,46771354461,0.0,0.0
2025-07-17 00:00:00+00:00,3371.5068359375,3521.685302734375,3315.9990234375,3476.784423828125,3476.784423828125,47532846793,0.0,0.0
2025-07-18 00:00:00+00:00,3476.1240234375,3674.855224609375,3463.38623046875,3549.016357421875,3549.016357421875,59198465810,0.0,0.0
2025-07-19 00:00:00+00:00,3548.926025390625,3608.275634765625,3512.97314453125,3595.273681640625,3595.273681640625,26031719746,0.0,0.0
2025-07-20 00:00:00+00:00,3595.240478515625,3819.398681640625,3582.349609375,3759.471435546875,3759.471435546875,44600451066,0.0,0.0
2025-07-21 00:00:00+00:00,3758.920654296875,3856.76708984375,3705.353759765625,3763.371337890625,3763.371337890625,42611467663,0.0,0.0
2025-07-22 00:00:00+00:00,3762.882080078125,3798.100341796875,3624.140380859375,3749.1455078125,3749.1455078125,45248868820,0.0,0.0
2025-07-23 00:00:00+00:00,3749.238525390625,3765.0263671875,3532.8564453125,3629.70361328125,3629.70361328125,41283228953,0.0,0.0
2025-07-24 00:00:00+00:00,3629.731689453125,3771.381591796875,3514.999267578125,3708.005615234375,3708.005615234375,40377960354,0.0,0.0
2025-07-25 00:00:00+00:00,3708.005615234375,3744.820068359375,3579.962890625,3727.266845703125,3727.266845703125,42264509577,0.0,0.0
2025-07-26 00:00:00+00:00,3727.2373046875,3789.789794921875,3702.774169921875,3741.39599609375,3741.39599609375,24635287361,0.0,0.0
2025-07-27 00:00:00+00:00,3741.25732421875,3876.93359375,3733.681640625,3875.24658203125,3875.24658203125,28897450394,0.0,0.0
2025-07-28 00:00:00+00:00,3875.255859375,3940.652099609375,3756.515869140625,3787.42578125,3787.42578125,35831336149,0.0,0.0
2025-07-29 00:00:00+00:00,3788.319580078125,3883.997802734375,3716.88330078125,3793.454833984375,3793.454833984375,35540435995,0.0,0.0
2025-07-30 00:00:00+00:00,3793.58251953125,3832.884033203125,3683.14453125,3808.20166015625,3808.20166015625,34392494235,0.0,0.0
2025-07-31 00:00:00+00:00,3808.24609375,3877.47021484375,3685.004150390625,3696.707763671875,3696.707763671875,32839839444,0.0,0.0
2025-08-01 00:00:00+00:00,3696.144287109375,3722.585693359375,3432.3798828125,3488.365966796875,3488.365966796875,46261558200,0.0,0.0
2025-08-02 00:00:00+00:00,3487.956787109375,3535.558837890625,3370.943115234375,3392.7412109375,3392.7412109375,30165065282,0.0,0.0
2025-08-03 00:00:00+00:00,3392.744384765625,3520.831298828125,3357.93896484375,3497.379150390625,3497.379150390625,19363593865,0.0,0.0
2025-08-04 00:00:00+00:00,3497.613037109375,3734.9775390625,3491.554931640625,3718.986083984375,3718.986083984375,30905749658,0.0,0.0
2025-08-05 00:00:00+00:00,3719.81787109375,3720.656494140625,3547.62109375,3611.8994140625,3611.8994140625,32778742296,0.0,0.0
2025-08-06 00:00:00+00:00,3612.038818359375,3698.124755859375,3567.095947265625,3683.920654296875,3683.920654296875,26924415763,0.0,0.0
2025-08-07 00:00:00+00:00,3684.06201171875,3926.204345703125,3650.365966796875,3914.325927734375,3914.325927734375,38627826066,0.0,0.0
2025-08-08 00:00:00+00:00,3914.110595703125,4068.84765625,3882.443115234375,4009.848876953125,4009.848876953125,45460293892,0.0,0.0
2025-08-09 00:00:00+00:00,4009.150634765625,4323.76123046875,4007.709228515625,4263.59912109375,4263.59912109375,45279715746,0.0,0.0
2025-08-10 00:00:00+00:00,4263.552734375,4332.21044921875,4163.9404296875,4254.2177734375,4254.2177734375,36173931367,0.0,0.0
2025-08-11 00:00:00+00:00,4254.2314453125,4362.0927734375,4168.875,4226.966796875,4226.966796875,49989853803,0.0,0.0
2025-08-12 00:00:00+00:00,4227.20703125,4634.05517578125,4222.3623046875,4590.9248046875,4590.9248046875,57237189036,0.0,0.0
2025-08-13 00:00:00+00:00,4590.65771484375,4784.6689453125,4566.23876953125,4756.27587890625,4756.27587890625,62550014642,0.0,0.0
2025-08-14 00:00:00+00:00,4756.04345703125,4788.5517578125,4461.28173828125,4548.16650390625,4548.16650390625,75681632806,0.0,0.0
2025-08-15 00:00:00+00:00,4549.07568359375,4667.72998046875,4375.54541015625,4439.98876953125,4439.98876953125,55445715824,0.0,0.0
2025-08-16 00:00:00+00:00,4439.998046875,4493.1494140625,4379.16455078125,4426.18017578125,4426.18017578125,26816931514,0.0,0.0
2025-08-17 00:00:00+00:00,4426.259765625,4575.87646484375,4400.71337890625,4473.271484375,4473.271484375,31348101438,0.0,0.0
2025-08-18 00:00:00+00:00,4473.33056640625,4484.009765625,4229.3798828125,4312.5048828125,4312.5048828125,53518423360,0.0,0.0
2025-08-19 00:00:00+00:00,4312.5302734375,4355.0751953125,4070.535400390625,4073.464111328125,4073.464111328125,50440367102,0.0,0.0
2025-08-20 00:00:00+00:00,4073.168212890625,4376.78955078125,4064.965087890625,4334.50048828125,4334.50048828125,49577862965,0.0,0.0
2025-08-21 00:00:00+00:00,4334.5673828125,4338.826171875,4205.77685546875,4223.2099609375,4223.2099609375,33618359942,0.0,0.0
2025-08-22 00:00:00+00:00,4223.73095703125,4884.22802734375,4209.47216796875,4831.3486328125,4831.3486328125,75965521535,0.0,0.0
2025-08-23 00:00:00+00:00,4831.08837890625,4831.61083984375,4669.72509765625,4776.09033203125,4776.09033203125,36503623278,0.0,0.0
2025-08-24 00:00:00+00:00,4776.70458984375,4953.73291015625,4714.47265625,4779.6474609375,4779.6474609375,52405003873,0.0,0.0
2025-08-25 00:00:00+00:00,4779.76953125,4796.35009765625,4343.947265625,4372.98779296875,4372.98779296875,63936163545,0.0,0.0
2025-08-26 00:00:00+00:00,4372.88037109375,4632.0732421875,4316.30078125,4600.4267578125,4600.4267578125,53829747706,0.0,0.0
2025-08-27 00:00:00+00:00,4600.51025390625,4659.9873046875,4489.2978515625,4503.39306640625,4503.39306640625,43509902322,0.0,0.0
2025-08-28 00:00:00+00:00,4503.63134765625,4629.03125,4435.109375,4507.177734375,4507.177734375,36045274078,0.0,0.0
2025-08-29 00:00:00+00:00,4507.63134765625,4513.859375,4272.45947265625,4360.15283203125,4360.15283203125,46899991962,0.0,0.0
2025-08-30 00:00:00+00:00,4360.0888671875,4413.27490234375,4264.1953125,4374.1533203125,4374.1533203125,25883112278,0.0,0.0
2025-08-31 00:00:00+00:00,4374.8935546875,4497.1767578125,4373.5966796875,4390.01904296875,4390.01904296875,26683044984,0.0,0.0
2025-09-01 00:00:00+00:00,4389.6259765625,4490.3466796875,4221.24755859375,4314.47021484375,4314.47021484375,37530746508,0.0,0.0
2025-09-02 00:00:00+00:00,4314.39111328125,4414.93408203125,4260.45947265625,4325.36572265625,4325.36572265625,39884692334,0.0,0.0
2025-09-03 00:00:00+00:00,4324.6962890625,4489.19873046875,4286.2060546875,4450.38916015625,4450.38916015625,35260873497,0.0,0.0
2025-09-04 00:00:00+00:00,4450.2158203125,4483.451171875,4268.5888671875,4298.744140625,4298.744140625,34919798552,0.0,0.0
2025-09-05 00:00:00+00:00,4298.8369140625,4484.361328125,4258.0498046875,4306.98876953125,4306.98876953125,44163736676,0.0,0.0
2025-09-06 00:00:00+00:00,4306.97314453125,4327.43994140625,4244.7548828125,4274.2421875,4274.2421875,18108246446,0.0,0.0
2025-09-07 00:00:00+00:00,4274.1669921875,4334.2744140625,4271.5341796875,4305.34765625,4305.34765625,17426783536,0.0,0.0
2025-09-08 00:00:00+00:00,4305.38134765625,4381.27490234375,4279.97216796875,4308.072265625,4308.072265625,32277142378,0.0,0.0
2025-09-09 00:00:00+00:00,4308.283203125,4381.2265625,4277.85302734375,4309.04150390625,4309.04150390625,30703320925,0.0,0.0
2025-09-10 00:00:00+00:00,4309.091796875,4450.41796875,4286.0625,4349.14599609375,4349.14599609375,39521365146,0.0,0.0
2025-09-11 00:00:00+00:00,4349.2001953125,4471.69873046875,4339.716796875,4461.2333984375,4461.2333984375,35959212991,0.0,0.0
2025-09-12 00:00:00+00:00,4461.4794921875,4734.27392578125,4453.28466796875,4715.24609375,4715.24609375,43839753626,0.0,0.0
2025-09-13 00:00:00+00:00,4714.70361328125,4763.361328125,4609.12548828125,4668.1796875,4668.1796875,34843845977,0.0,0.0
2025-09-14 00:00:00+00:00,4668.17138671875,4690.64208984375,4581.84716796875,4609.59765625,4609.59765625,28394160275,0.0,0.0
2025-09-15 00:00:00+00:00,4609.72314453125,4670.5302734375,4469.861328125,4526.8203125,4526.8203125,40224062009,0.0,0.0
2025-09-16 00:00:00+00:00,4526.078125,4537.599609375,4428.330078125,4503.564453125,4503.564453125,32761501436,0.0,0.0
2025-09-17 00:00:00+00:00,4503.6357421875,4617.23486328125,4429.64453125,4592.7333984375,4592.7333984375,44120899417,0.0,0.0
2025-09-18 00:00:00+00:00,4592.44287109375,4643.97265625,4556.27001953125,4589.9189453125,4589.9189453125,33497259158,0.0,0.0
2025-09-19 00:00:00+00:00,4589.505859375,4620.79296875,4443.2646484375,4470.9169921875,4470.9169921875,30352619653,0.0,0.0
2025-09-20 00:00:00+00:00,4470.978515625,4509.81201171875,4459.1591796875,4482.265625,4482.265625,18056494322,0.0,0.0
2025-09-21 00:00:00+00:00,4482.583984375,4499.38916015625,4447.119140625,4451.3291015625,4451.3291015625,19330306133,0.0,0.0
2025-09-22 00:00:00+00:00,4451.58056640625,4457.08251953125,4092.396728515625,4202.87744140625,4202.87744140625,58221334533,0.0,0.0
2025-09-23 00:00:00+00:00,4203.021484375,4227.7314453125,4120.8154296875,4165.50390625,4165.50390625,32460075911,0.0,0.0
2025-09-24 00:00:00+00:00,4165.41259765625,4206.90185546875,4081.34765625,4153.46923828125,4153.46923828125,33538388785,0.0,0.0
2025-09-25 00:00:00+00:00,4153.52099609375,4162.0625,3829.0107421875,3868.333984375,3868.333984375,68963092031,0.0,0.0
2025-09-26 00:00:00+00:00,3868.69091796875,4069.168701171875,3868.43359375,4035.887939453125,4035.887939453125,47873508328,0.0,0.0
2025-09-27 00:00:00+00:00,4035.91455078125,4038.45166015625,3975.758056640625,4018.658203125,4018.658203125,20382555776,0.0,0.0
2025-09-28 00:00:00+00:00,4018.65966796875,4143.00390625,3969.79296875,4141.4765625,4141.4765625,24631307054,0.0,0.0
2025-09-29 00:00:00+00:00,4141.3564453125,4234.78271484375,4087.92724609375,4217.341796875,4217.341796875,38560429932,0.0,0.0
2025-09-30 00:00:00+00:00,4217.05517578125,4238.67138671875,4095.443603515625,4145.95751953125,4145.95751953125,37679153330,0.0,0.0
2025-10-01 00:00:00+00:00,4146.03369140625,4351.1123046875,4125.5419921875,4351.1123046875,4351.1123046875,46161664723,0.0,0.0
2025-10-02 00:00:00+00:00,4352.24072265625,4517.6650390625,4336.5263671875,4487.923828125,4487.923828125,48074066058,0.0,0.0
2025-10-03 00:00:00+00:00,4486.9345703125,4591.44384765625,4431.47900390625,4514.87060546875,4514.87060546875,49603450230,0.0,0.0
2025-10-04 00:00:00+00:00,4514.9091796875,4519.52685546875,4444.0126953125,4489.197265625,4489.197265625,21832270764,0.0,0.0
2025-10-05 00:00:00+00:00,4489.05322265625,4616.533203125,4472.138671875,4515.4228515625,4515.4228515625,44880806324,0.0,0.0
2025-10-06 00:00:00+00:00,4515.30078125,4736.208984375,4492.8701171875,4687.771484375,4687.771484375,44992456374,0.0,0.0
2025-10-07 00:00:00+00:00,4687.7099609375,4755.22021484375,4443.5712890625,4451.15185546875,4451.15185546875,54879425294,0.0,0.0
2025-10-08 00:00:00+00:00,4451.10791015625,4556.2216796875,4417.76806640625,4527.64794921875,4527.64794921875,40456628235,0.0,0.0
2025-10-09 00:00:00+00:00,4526.9609375,4531.716796875,4273.5595703125,4369.1435546875,4369.1435546875,47903074596,0.0,0.0
2025-10-10 00:00:00+00:00,4369.0654296875,4395.57080078125,3460.222412109375,3843.0087890625,3843.0087890625,97736621123,0.0,0.0
2025-10-11 00:00:00+00:00,3840.96044921875,3882.241455078125,3652.7900390625,3750.611572265625,3750.611572265625,62475475938,0.0,0.0
2025-10-12 00:00:00+00:00,3750.946044921875,4195.3974609375,3701.478271484375,4164.427734375,4164.427734375,61216174681,0.0,0.0
2025-10-13 00:00:00+00:00,4164.04931640625,4292.845703125,4061.224609375,4245.4677734375,4245.4677734375,50253782420,0.0,0.0
2025-10-14 00:00:00+00:00,4245.37255859375,4265.10546875,3895.9736328125,4125.412109375,4125.412109375,67094148347,0.0,0.0
2025-10-15 00:00:00+00:00,4125.361328125,4213.85595703125,3935.161376953125,3987.45947265625,3987.45947265625,50462889453,0.0,0.0
2025-10-16 00:00:00+00:00,3987.14892578125,4079.648193359375,3829.654052734375,3894.75439453125,3894.75439453125,49147390731,0.0,0.0
2025-10-17 00:00:00+00:00,3894.377685546875,3950.56689453125,3678.620361328125,3832.558837890625,3832.558837890625,57404271888,0.0,0.0
2025-10-18 00:00:00+00:00,3833.009521484375,3927.24560546875,3822.266357421875,3890.34619140625,3890.34619140625,23815676385,0.0,0.0
2025-10-19 00:00:00+00:00,3890.58349609375,4029.35546875,3843.77294921875,3984.649658203125,3984.649658203125,32870655221,0.0,0.0
2025-10-20 00:00:00+00:00,3984.6962890625,4084.15966796875,3911.726318359375,3980.76025390625,3980.76025390625,40224612563,0.0,0.0
2025-10-21 00:00:00+00:00,3980.740478515625,4109.533203125,3843.227783203125,3876.76416015625,3876.76416015625,49960290350,0.0,0.0
2025-10-22 00:00:00+00:00,3877.363037109375,3890.63232421875,3718.0771484375,3808.122314453125,3808.122314453125,46173305673,0.0,0.0
2025-10-23 00:00:00+00:00,3808.0849609375,3930.974853515625,3801.241455078125,3856.0263671875,3856.0263671875,36361652714,0.0,0.0
2025-10-24 00:00:00+00:00,3856.033203125,4002.561767578125,3849.724853515625,3934.5673828125,3934.5673828125,34090708715,0.0,0.0
2025-10-25 00:00:00+00:00,3934.489990234375,3967.6455078125,3914.640625,3953.470947265625,3953.470947265625,15245229017,0.0,0.0
2025-10-26 00:00:00+00:00,3953.437255859375,4177.310546875,3923.192626953125,4157.9892578125,4157.9892578125,29120786315,0.0,0.0
2025-10-27 00:00:00+00:00,4158.0107421875,4250.669921875,4099.56982421875,4120.1220703125,4120.1220703125,40271333201,0.0,0.0
2025-10-28 00:00:00+00:00,4120.27490234375,4173.50537109375,3940.834228515625,3982.262451171875,3982.262451171875,39684155177,0.0,0.0
2025-10-29 00:00:00+00:00,3980.759033203125,4036.35302734375,3849.538818359375,3903.35302734375,3903.35302734375,35255876156,0.0,0.0
2025-10-30 00:00:00+00:00,3903.322509765625,3948.22265625,3681.909423828125,3804.375244140625,3804.375244140625,39981939289,0.0,0.0
2025-10-31 00:00:00+00:00,3805.082763671875,3900.580322265625,3797.669189453125,3847.080322265625,3847.080322265625,37800100395,0.0,0.0
2025-11-01 00:00:00+00:00,3847.17138671875,3906.7802734375,3832.634765625,3874.18798828125,3874.18798828125,17490279524,0.0,0.0
2025-11-02 00:00:00+00:00,3873.894287109375,3914.87548828125,3839.997314453125,3911.063232421875,3911.063232421875,20479611654,0.0,0.0
2025-11-03 00:00:00+00:00,3911.747802734375,3912.63330078125,3560.263671875,3602.30810546875,3602.30810546875,53091469560,0.0,0.0
2025-11-04 00:00:00+00:00,3602.040771484375,3652.687255859375,3063.0869140625,3292.574462890625,3292.574462890625,76827517773,0.0,0.0
2025-11-05 00:00:00+00:00,3292.148193359375,3479.8095703125,3170.513916015625,3425.171142578125,3425.171142578125,46955882330,0.0,0.0
2025-11-06 00:00:00+00:00,3425.361083984375,3454.3359375,3245.28173828125,3312.2578125,3312.2578125,36731850433,0.0,0.0
2025-11-07 00:00:00+00:00,3312.029296875,3471.804931640625,3195.896728515625,3435.301025390625,3435.301025390625,42609994022,0.0,0.0
2025-11-08 00:00:00+00:00,3435.1474609375,3482.268310546875,3357.713134765625,3400.3759765625,3400.3759765625,23613870398,0.0,0.0
2025-11-09 00:00:00+00:00,3400.0986328125,3616.43701171875,3359.717529296875,3582.621337890625,3582.621337890625,28821543888,0.0,0.0
2025-11-10 00:00:00+00:00,3583.44482421875,3656.14892578125,3508.98583984375,3568.4599609375,3568.4599609375,35638045619,0.0,0.0
2025-11-11 00:00:00+00:00,3568.47265625,3644.5283203125,3404.86181640625,3415.2822265625,3415.2822265625,39734688531,0.0,0.0
2025-11-12 00:00:00+00:00,3415.7958984375,3586.013916015625,3373.711669921875,3413.09423828125,3413.09423828125,34898956623,0.0,0.0
2025-11-13 00:00:00+00:00,3412.994873046875,3561.86083984375,3156.03076171875,3232.757080078125,3232.757080078125,50283416669,0.0,0.0
2025-11-14 00:00:00+00:00,3232.295166015625,3252.660888671875,3071.970703125,3103.78564453125,3103.78564453125,47003809463,0.0,0.0
2025-11-15 00:00:00+00:00,3104.230224609375,3227.690185546875,3104.230224609375,3166.63134765625,3166.63134765625,19932940649,0.0,0.0
2025-11-16 00:00:00+00:00,3166.79345703125,3244.837646484375,3007.07275390625,3092.847412109375,3092.847412109375,30987886524,0.0,0.0
2025-11-17 00:00:00+00:00,3092.941650390625,3218.13037109375,2957.3095703125,3024.538818359375,3024.538818359375,41026793235,0.0,0.0
2025-11-18 00:00:00+00:00,3024.4140625,3167.9326171875,2948.329345703125,3122.97900390625,3122.97900390625,41581494270,0.0,0.0
2025-11-19 00:00:00+00:00,3122.64599609375,3122.64599609375,2871.22802734375,3023.07080078125,3023.07080078125,40229739844,0.0,0.0
2025-11-20 00:00:00+00:00,3022.885498046875,3057.78857421875,2790.597900390625,2831.777587890625,2831.777587890625,43917885207,0.0,0.0
2025-11-21 00:00:00+00:00,2829.2646484375,2880.60302734375,2626.87158203125,2765.69921875,2765.69921875,51476486049,0.0,0.0
2025-11-22 00:00:00+00:00,2766.090576171875,2795.4267578125,2704.502197265625,2767.607421875,2767.607421875,15408928941,0.0,0.0
2025-11-23 00:00:00+00:00,2767.594970703125,2856.446533203125,2767.472900390625,2801.676025390625,2801.676025390625,20358404499,0.0,0.0
2025-11-24 00:00:00+00:00,2801.204345703125,2982.822021484375,2763.3779296875,2952.71337890625,2952.71337890625,32491657389,0.0,0.0
2025-11-25 00:00:00+00:00,2952.58447265625,2978.704345703125,2857.8359375,2957.936279296875,2957.936279296875,23336017779,0.0,0.0
2025-11-26 00:00:00+00:00,2958.32958984375,3043.927001953125,2889.890625,3027.81201171875,3027.81201171875,21433162961,0.0,0.0
2025-11-27 00:00:00+00:00,3027.799072265625,3070.73193359375,2987.19775390625,3014.542236328125,3014.542236328125,16972780500,0.0,0.0
2025-11-28 00:00:00+00:00,3014.543701171875,3095.033203125,2995.76513671875,3032.304443359375,3032.304443359375,20659958964,0.0,0.0
2025-11-29 00:00:00+00:00,3032.29541015625,3051.962890625,2966.850830078125,2991.685302734375,2991.685302734375,12775481230,0.0,0.0
2025-11-30 00:00:00+00:00,2991.375244140625,3051.597900390625,2978.826171875,2992.112548828125,2992.112548828125,11530446514,0.0,0.0
2025-12-01 00:00:00+00:00,2991.923095703125,2996.8818359375,2720.4365234375,2800.18896484375,2800.18896484375,36679598313,0.0,0.0
2025-12-02 00:00:00+00:00,2800.22314453125,3032.76123046875,2784.390625,2997.939697265625,2997.939697265625,26593645111,0.0,0.0
2025-12-03 00:00:00+00:00,2997.801513671875,3212.559814453125,2988.14208984375,3191.57177734375,3191.57177734375,29949301036,0.0,0.0
2025-12-04 00:00:00+00:00,3188.343505859375,3238.555419921875,3071.31005859375,3134.31640625,3134.31640625,27434991113,0.0,0.0
2025-12-05 00:00:00+00:00,3134.357421875,3192.45703125,2989.83154296875,3024.432861328125,3024.432861328125,28000268228,0.0,0.0
2025-12-06 00:00:00+00:00,3024.487548828125,3067.661376953125,3013.98193359375,3040.207763671875,3040.207763671875,10962819760,0.0,0.0
2025-12-07 00:00:00+00:00,3040.17919921875,3148.7734375,2930.645263671875,3061.3017578125,3061.3017578125,20383496376,0.0,0.0
2025-12-08 00:00:00+00:00,3061.013671875,3177.86767578125,3043.703857421875,3125.197998046875,3125.197998046875,25262165670,0.0,0.0
2025-12-09 00:00:00+00:00,3124.942626953125,3395.838623046875,3092.87646484375,3321.114990234375,3321.114990234375,32012553374,0.0,0.0
2025-12-10 00:00:00+00:00,3321.2041015625,3446.622802734375,3290.14697265625,3325.39013671875,3325.39013671875,30694387989,0.0,0.0
2025-12-11 00:00:00+00:00,3324.38671875,3327.344482421875,3149.034423828125,3237.056884765625,3237.056884765625,29066243707,0.0,0.0
2025-12-12 00:00:00+00:00,3237.025634765625,3265.37255859375,3050.267333984375,3084.172607421875,3084.172607421875,24391003174,0.0,0.0
2025-12-13 00:00:00+00:00,3084.129638671875,3134.849365234375,3080.07861328125,3116.6953125,3116.6953125,9916869400,0.0,0.0
2025-12-14 00:00:00+00:00,3116.743896484375,3128.622802734375,3034.692626953125,3060.5947265625,3060.5947265625,15619543350,0.0,0.0
2025-12-15 00:00:00+00:00,3060.4814453125,3175.1181640625,2899.685791015625,2964.18310546875,2964.18310546875,28765976892,0.0,0.0
2025-12-16 00:00:00+00:00,2964.379638671875,2978.92138671875,2890.01171875,2964.180908203125,2964.180908203125,22709189818,0.0,0.0
2025-12-17 00:00:00+00:00,2964.01953125,3025.8154296875,2791.333984375,2831.403564453125,2831.403564453125,26159825528,0.0,0.0
2025-12-18 00:00:00+00:00,2831.48828125,2994.552734375,2777.11962890625,2827.069091796875,2827.069091796875,29194181349,0.0,0.0
2025-12-19 00:00:00+00:00,2827.410400390625,3014.6123046875,2811.3916015625,2977.970703125,2977.970703125,27870687989,0.0,0.0
2025-12-20 00:00:00+00:00,2977.869140625,2992.31005859375,2967.838623046875,2977.58251953125,2977.58251953125,7612418215,0.0,0.0
2025-12-21 00:00:00+00:00,2977.508544921875,3009.80712890625,2945.394775390625,3001.61376953125,3001.61376953125,11178096676,0.0,0.0
2025-12-22 00:00:00+00:00,3001.61279296875,3073.353759765625,2965.175048828125,3006.07373046875,3006.07373046875,20342034264,0.0,0.0
2025-12-23 00:00:00+00:00,3006.073974609375,3033.1962890625,2902.3330078125,2963.3740234375,2963.3740234375,21453213168,0.0,0.0
2025-12-24 00:00:00+00:00,2962.922607421875,2975.171142578125,2888.988037109375,2945.590576171875,2945.590576171875,13984770325,0.0,0.0
2025-12-25 00:00:00+00:00,2945.423095703125,2968.705078125,2891.10888671875,2903.57958984375,2903.57958984375,11828871179,0.0,0.0
2025-12-26 00:00:00+00:00,2903.625,2991.219970703125,2894.15380859375,2925.74560546875,2925.74560546875,18562196049,0.0,0.0
2025-12-27 00:00:00+00:00,2925.7451171875,2957.300537109375,2917.271240234375,2947.998291015625,2947.998291015625,7378783299,0.0,0.0
2025-12-28 00:00:00+00:00,2947.898193359375,2957.138671875,2925.745361328125,2948.568115234375,2948.568115234375,9227601389,0.0,0.0
2025-12-29 00:00:00+00:00,2948.55908203125,3051.94189453125,2908.748046875,2934.538330078125,2934.538330078125,25957694515,0.0,0.0
2025-12-30 00:00:00+00:00,2934.416259765625,3002.8046875,2916.330078125,2971.416748046875,2971.416748046875,18816704381,0.0,0.0
2025-12-31 00:00:00+00:00,2971.407470703125,3021.849609375,2959.143798828125,2967.03759765625,2967.03759765625,16451891101,0.0,0.0
2026-01-01 00:00:00+00:00,2966.997314453125,3006.01025390625,2966.84521484375,3000.394287109375,3000.394287109375,10268796662,0.0,0.0
2026-01-02 00:00:00+00:00,3000.453125,3146.984375,2989.9013671875,3124.422607421875,3124.422607421875,25242778003,0.0,0.0
2026-01-03 00:00:00+00:00,3124.310302734375,3135.025634765625,3077.4658203125,3125.91748046875,3125.91748046875,11460707919,0.0,0.0
2026-01-04 00:00:00+00:00,3125.960205078125,3160.551025390625,3119.427490234375,3140.71044921875,3140.71044921875,13890479323,0.0,0.0
2026-01-05 00:00:00+00:00,3141.486328125,3261.245849609375,3134.0927734375,3226.13037109375,3226.13037109375,27211995956,0.0,0.0
2026-01-06 00:00:00+00:00,3226.116455078125,3303.5634765625,3184.0146484375,3295.94677734375,3295.94677734375,27853981622,0.0,0.0
2026-01-07 00:00:00+00:00,3295.91259765625,3296.394287109375,3126.552001953125,3166.843994140625,3166.843994140625,22665982583,0.0,0.0
2026-01-08 00:00:00+00:00,3166.924072265625,3179.866455078125,3052.509765625,3104.382568359375,3104.382568359375,22760237888,0.0,0.0
2026-01-09 00:00:00+00:00,3104.334716796875,3140.709228515625,3058.096923828125,3083.047119140625,3083.047119140625,18879517395,0.0,0.0
2026-01-10 00:00:00+00:00,3083.16650390625,3099.16748046875,3075.135498046875,3082.39599609375,3082.39599609375,6960662969,0.0,0.0
2026-01-11 00:00:00+00:00,3082.407470703125,3141.9580078125,3080.747802734375,3118.88525390625,3118.88525390625,10497219711,0.0,0.0
2026-01-12 00:00:00+00:00,3118.828857421875,3166.219970703125,3068.07275390625,3092.3251953125,3092.3251953125,21152711365,0.0,0.0
2026-01-13 00:00:00+00:00,3092.008544921875,3352.580078125,3088.512939453125,3322.095458984375,3322.095458984375,27237310134,0.0,0.0
2026-01-14 00:00:00+00:00,3322.192138671875,3397.897705078125,3280.378662109375,3354.72265625,3354.72265625,33926411912,0.0,0.0
2026-01-15 00:00:00+00:00,3354.765869140625,3382.44873046875,3276.820068359375,3317.101318359375,3317.101318359375,27598686935,0.0,0.0
2026-01-16 00:00:00+00:00,3317.341796875,3325.25048828125,3251.814453125,3295.482177734375,3295.482177734375,22732887284,0.0,0.0
2026-01-17 00:00:00+00:00,3295.482666015625,3328.283447265625,3282.661865234375,3308.8642578125,3308.8642578125,11206492253,0.0,0.0
2026-01-18 00:00:00+00:00,3308.90576171875,3367.167724609375,3278.4267578125,3281.15771484375,3281.15771484375,13557863288,0.0,0.0
2026-01-19 00:00:00+00:00,3282.19921875,3282.65478515625,3166.0166015625,3186.62109375,3186.62109375,27956112545,0.0,0.0
2026-01-20 00:00:00+00:00,3186.62109375,3197.391845703125,2925.54345703125,2935.605712890625,2935.605712890625,32985301273,0.0,0.0
2026-01-21 00:00:00+00:00,2935.882080078125,3064.390625,2867.264404296875,2978.901123046875,2978.901123046875,35797876195,0.0,0.0
2026-01-22 00:00:00+00:00,2979.307861328125,3034.338134765625,2905.562744140625,2949.63330078125,2949.63330078125,21993593333,0.0,0.0
2026-01-23 00:00:00+00:00,2949.44580078125,3013.9541015625,2892.52099609375,2953.25634765625,2953.25634765625,22417700837,0.0,0.0
2026-01-24 00:00:00+00:00,2953.23828125,2965.46875,2942.444580078125,2948.74072265625,2948.74072265625,8198666763,0.0,0.0
2026-01-25 00:00:00+00:00,2948.534423828125,2955.016845703125,2785.896728515625,2815.90234375,2815.90234375,22414089670,0.0,0.0
2026-01-26 00:00:00+00:00,2815.768798828125,2945.99755859375,2811.074951171875,2926.45703125,2926.45703125,29668620102,0.0,0.0
2026-01-27 00:00:00+00:00,2926.201171875,3031.03857421875,2898.3115234375,3022.2109375,3022.2109375,27976005223,0.0,0.0
2026-01-28 00:00:00+00:00,3022.237548828125,3040.718505859375,2981.589599609375,3006.607421875,3006.607421875,21751566455,0.0,0.0
2026-01-29 00:00:00+00:00,3006.26171875,3008.03759765625,2751.64501953125,2818.232666015625,2818.232666015625,37487198041,0.0,0.0
2026-01-30 00:00:00+00:00,2818.135498046875,2823.91455078125,2633.8388671875,2702.375244140625,2702.375244140625,41877689970,0.0,0.0
2026-01-31 00:00:00+00:00,2702.301513671875,2709.53369140625,2248.69873046875,2445.091796875,2445.091796875,47569532203,0.0,0.0
2026-02-01 00:00:00+00:00,2445.0693359375,2472.646240234375,2224.117919921875,2267.96484375,2267.96484375,40358630560,0.0,0.0
2026-02-02 00:00:00+00:00,2267.5625,2393.0634765625,2158.937255859375,2344.356689453125,2344.356689453125,48844346396,0.0,0.0
2026-02-03 00:00:00+00:00,2344.44580078125,2357.2060546875,2109.05517578125,2227.558837890625,2227.558837890625,47906083919,0.0,0.0
2026-02-04 00:00:00+00:00,2227.967041015625,2291.13134765625,2074.102783203125,2143.504150390625,2143.504150390625,45219604814,0.0,0.0
2026-02-05 00:00:00+00:00,2143.618896484375,2167.139892578125,1818.664306640625,1821.68310546875,1821.68310546875,60381662655,0.0,0.0
2026-02-06 00:00:00+00:00,1821.12939453125,2090.328125,1748.627685546875,2063.386962890625,2063.386962890625,64998454203,0.0,0.0
2026-02-07 00:00:00+00:00,2063.333740234375,2115.824951171875,1995.9185791015625,2090.54931640625,2090.54931640625,41145430304,0.0,0.0
2026-02-08 00:00:00+00:00,2090.633544921875,2148.12060546875,2066.3837890625,2088.762939453125,2088.762939453125,19541713443,0.0,0.0
2026-02-09 00:00:00+00:00,2087.92138671875,2144.97607421875,2008.3623046875,2103.567626953125,2103.567626953125,26750982266,0.0,0.0
2026-02-10 00:00:00+00:00,2104.181884765625,2122.021484375,1990.1405029296875,2019.4974365234375,2019.4974365234375,23267337087,0.0,0.0
2026-02-11 00:00:00+00:00,2019.580078125,2030.409423828125,1903.6851806640625,1940.621337890625,1940.621337890625,23922680362,0.0,0.0
2026-02-12 00:00:00+00:00,1940.8411865234375,1999.5028076171875,1897.3348388671875,1946.940673828125,1946.940673828125,20106364835,0.0,0.0
2026-02-13 00:00:00+00:00,1946.6107177734375,2069.456787109375,1924.136962890625,2048.52734375,2048.52734375,20412430639,0.0,0.0
2026-02-14 00:00:00+00:00,2048.330322265625,2105.067626953125,2042.6414794921875,2086.009765625,2086.009765625,16925555543,0.0,0.0
2026-02-15 00:00:00+00:00,2085.95361328125,2100.47900390625,1929.3944091796875,1966.04296875,1966.04296875,31030538835,0.0,0.0
2026-02-16 00:00:00+00:00,1965.9232177734375,2021.0836181640625,1938.5450439453125,1997.917724609375,1997.917724609375,19219250473,0.0,0.0
2026-02-17 00:00:00+00:00,1997.9217529296875,2013.8560791015625,1941.7789306640625,1992.1943359375,1992.1943359375,20929890501,0.0,0.0
2026-02-18 00:00:00+00:00,1992.195068359375,2037.1585693359375,1923.8134765625,1953.97412109375,1953.97412109375,20187307041,0.0,0.0
2026-02-19 00:00:00+00:00,1953.994140625,1985.8076171875,1906.822021484375,1948.2010498046875,1948.2010498046875,17380103826,0.0,0.0
2026-02-20 00:00:00+00:00,1948.268798828125,1980.2437744140625,1923.622802734375,1969.0223388671875,1969.0223388671875,21682976627,0.0,0.0
2026-02-21 00:00:00+00:00,1968.86181640625,1994.8277587890625,1955.794189453125,1973.7371826171875,1973.7371826171875,11561261802,0.0,0.0
2026-02-22 00:00:00+00:00,1973.57080078125,1982.2142333984375,1934.8607177734375,1957.805908203125,1957.805908203125,9488829492,0.0,0.0
2026-02-23 00:00:00+00:00,1958.1396484375,1958.1396484375,1838.0416259765625,1855.5028076171875,1855.5028076171875,23731172668,0.0,0.0
2026-02-24 00:00:00+00:00,1855.4727783203125,1868.3206787109375,1804.1136474609375,1852.969482421875,1852.969482421875,18475122228,0.0,0.0
2026-02-25 00:00:00+00:00,1852.87548828125,2145.506103515625,1847.05419921875,2054.6279296875,2054.6279296875,27717195805,0.0,0.0
2026-02-26 00:00:00+00:00,2053.78271484375,2082.78662109375,1976.3575439453125,2026.7926025390625,2026.7926025390625,23327720766,0.0,0.0
2026-02-27 00:00:00+00:00,2026.735107421875,2062.627197265625,1888.6287841796875,1930.7618408203125,1930.7618408203125,21136821039,0.0,0.0
2026-02-28 00:00:00+00:00,1930.7469482421875,1983.9927978515625,1837.303466796875,1965.050537109375,1965.050537109375,21675923669,0.0,0.0
2026-03-01 00:00:00+00:00,1965.3902587890625,2053.28564453125,1909.098388671875,1939.066650390625,1939.066650390625,23649071468,0.0,0.0
2026-03-02 00:00:00+00:00,1939.0587158203125,2085.427978515625,1922.4390869140625,2027.2689208984375,2027.2689208984375,26235436166,0.0,0.0
2026-03-03 00:00:00+00:00,2027.407958984375,2040.7916259765625,1930.4029541015625,1982.7689208984375,1982.7689208984375,24100196312,0.0,0.0
2026-03-04 00:00:00+00:00,1982.711181640625,2198.65673828125,1946.0396728515625,2126.50537109375,2126.50537109375,33610946768,0.0,0.0
2026-03-05 00:00:00+00:00,2126.560546875,2163.0361328125,2056.01904296875,2071.60546875,2071.60546875,22383576284,0.0,0.0
2026-03-06 00:00:00+00:00,2072.025634765625,2092.51513671875,1957.0150146484375,1978.751220703125,1978.751220703125,19733648079,0.0,0.0
2026-03-07 00:00:00+00:00,1978.6905517578125,1994.9705810546875,1950.0224609375,1969.4554443359375,1969.4554443359375,10236899078,0.0,0.0
2026-03-08 00:00:00+00:00,1969.4522705078125,1978.7071533203125,1915.301025390625,1936.604736328125,1936.604736328125,16314032554,0.0,0.0
2026-03-09 00:00:00+00:00,1936.637451171875,2052.327392578125,1930.59912109375,1992.938232421875,1992.938232421875,24015826480,0.0,0.0
2026-03-10 00:00:00+00:00,1992.986083984375,2087.9853515625,1992.01416015625,2037.1204833984375,2037.1204833984375,23552353781,0.0,0.0
2026-03-11 00:00:00+00:00,2037.1212158203125,2085.286376953125,2008.0386962890625,2051.5732421875,2051.5732421875,19031715359,0.0,0.0
2026-03-12 00:00:00+00:00,2051.7666015625,2094.32568359375,2019.27783203125,2073.13623046875,2073.13623046875,20624954899,0.0,0.0
2026-03-13 00:00:00+00:00,2073.289306640625,2206.813232421875,2071.582275390625,2092.5634765625,2092.5634765625,29345212033,0.0,0.0
2026-03-14 00:00:00+00:00,2092.558349609375,2105.5712890625,2062.659423828125,2097.086669921875,2097.086669921875,10073411269,0.0,0.0
2026-03-15 00:00:00+00:00,2096.880859375,2201.95556640625,2084.20947265625,2177.476318359375,2177.476318359375,15333885132,0.0,0.0
2026-03-16 00:00:00+00:00,2177.782958984375,2384.466552734375,2166.00244140625,2351.176025390625,2351.176025390625,38938369545,0.0,0.0
2026-03-17 00:00:00+00:00,2351.134765625,2375.455078125,2297.668701171875,2318.053466796875,2318.053466796875,26737564550,0.0,0.0
2026-03-18 00:00:00+00:00,2318.556884765625,2348.904296875,2154.584228515625,2203.671630859375,2203.671630859375,25617966362,0.0,0.0
2026-03-19 00:00:00+00:00,2203.478759765625,2232.203857421875,2099.88916015625,2137.423828125,2137.423828125,24090913749,0.0,0.0
2026-03-20 00:00:00+00:00,2137.394287109375,2175.699462890625,2117.276123046875,2146.4970703125,2146.4970703125,17970488517,0.0,0.0
2026-03-21 00:00:00+00:00,2146.7099609375,2166.7158203125,2072.38330078125,2076.68994140625,2076.68994140625,8654913047,0.0,0.0
2026-03-22 00:00:00+00:00,2077.201171875,2125.9765625,2027.0478515625,2053.04833984375,2053.04833984375,16438149794,0.0,0.0
2026-03-23 00:00:00+00:00,2052.953125,2195.99169921875,2023.2718505859375,2152.14599609375,2152.14599609375,28509077302,0.0,0.0
2026-03-24 00:00:00+00:00,2152.114501953125,2174.325927734375,2103.3828125,2155.704345703125,2155.704345703125,18389631713,0.0,0.0
2026-03-25 00:00:00+00:00,2155.719482421875,2198.369873046875,2146.6162109375,2168.021484375,2168.021484375,17086301657,0.0,0.0
2026-03-26 00:00:00+00:00,2168.02880859375,2171.156982421875,2033.7310791015625,2059.578369140625,2059.578369140625,18628112246,0.0,0.0
2026-03-27 00:00:00+00:00,2059.44873046875,2075.17041015625,1971.5067138671875,1991.27197265625,1991.27197265625,19453998121,0.0,0.0
2026-03-28 00:00:00+00:00,1991.283447265625,2038.7030029296875,1982.1300048828125,1992.694580078125,1992.694580078125,8641221084,0.0,0.0
2026-03-29 00:00:00+00:00,1992.69384765625,2016.545166015625,1939.5286865234375,1982.5596923828125,1982.5596923828125,9451184647,0.0,0.0
2026-03-30 00:00:00+00:00,1982.5506591796875,2082.064697265625,1979.076904296875,2023.514892578125,2023.514892578125,17840662425,0.0,0.0
2026-03-31 00:00:00+00:00,2023.5206298828125,2118.796875,2011.7952880859375,2104.708251953125,2104.708251953125,21278561395,0.0,0.0
2026-04-01 00:00:00+00:00,2104.717529296875,2165.666259765625,2082.291748046875,2138.737060546875,2138.737060546875,19542997434,0.0,0.0
2026-04-02 00:00:00+00:00,2138.7236328125,2158.15771484375,2016.989990234375,2056.8525390625,2056.8525390625,18847170816,0.0,0.0
2026-04-03 00:00:00+00:00,2056.704833984375,2075.764404296875,2042.176025390625,2053.38525390625,2053.38525390625,9609678843,0.0,0.0
2026-04-04 00:00:00+00:00,2053.58447265625,2082.00244140625,2044.87158203125,2065.3515625,2065.3515625,6926913517,0.0,0.0
2026-04-05 00:00:00+00:00,2065.37060546875,2120.49951171875,2022.6453857421875,2108.99560546875,2108.99560546875,9928800793,0.0,0.0
2026-04-06 00:00:00+00:00,2108.935791015625,2172.985107421875,2089.10009765625,2107.761474609375,2107.761474609375,19097527675,0.0,0.0
2026-04-07 00:00:00+00:00,2107.784912109375,2270.594970703125,2061.467529296875,2241.806640625,2241.806640625,22588914083,0.0,0.0
2026-04-08 00:00:00+00:00,2242.276611328125,2269.8798828125,2181.231201171875,2190.33544921875,2190.33544921875,21469476310,0.0,0.0
2026-04-09 00:00:00+00:00,2190.33251953125,2243.972900390625,2158.017578125,2189.14404296875,2189.14404296875,17218638798,0.0,0.0
2026-04-10 00:00:00+00:00,2189.380859375,2257.18408203125,2176.851318359375,2245.148681640625,2245.148681640625,17131968712,0.0,0.0
2026-04-11 00:00:00+00:00,2245.1044921875,2327.457763671875,2230.751953125,2285.39013671875,2285.39013671875,12620960384,0.0,0.0
2026-04-12 00:00:00+00:00,2285.43017578125,2288.448486328125,2177.485595703125,2192.201171875,2192.201171875,15307071617,0.0,0.0
2026-04-13 00:00:00+00:00,2192.33154296875,2393.759033203125,2176.32470703125,2370.71484375,2370.71484375,23709131572,0.0,0.0
2026-04-14 00:00:00+00:00,2370.314453125,2415.52734375,2304.412353515625,2323.30859375,2323.30859375,25185167270,0.0,0.0
2026-04-15 00:00:00+00:00,2323.34326171875,2384.999267578125,2310.70703125,2359.43701171875,2359.43701171875,17004367348,0.0,0.0
2026-04-16 00:00:00+00:00,2359.70458984375,2369.17236328125,2285.7099609375,2348.64501953125,2348.64501953125,20602833116,0.0,0.0
2026-04-17 00:00:00+00:00,2348.85498046875,2464.783447265625,2318.141845703125,2421.07177734375,2421.07177734375,26467618336,0.0,0.0
2026-04-18 00:00:00+00:00,2421.102294921875,2427.278076171875,2341.125732421875,2351.1005859375,2351.1005859375,14400085617,0.0,0.0
2026-04-19 00:00:00+00:00,2350.86181640625,2355.783203125,2254.697509765625,2264.9169921875,2264.9169921875,17083701612,0.0,0.0
2026-04-20 00:00:00+00:00,2264.87353515625,2346.2734375,2262.052978515625,2315.21240234375,2315.21240234375,19084768822,0.0,0.0
2026-04-21 00:00:00+00:00,2315.178466796875,2338.012451171875,2287.3798828125,2327.970458984375,2327.970458984375,16107716719,0.0,0.0
2026-04-22 00:00:00+00:00,2327.96484375,2422.8603515625,2314.590087890625,2376.088134765625,2376.088134765625,22465555335,0.0,0.0
2026-04-23 00:00:00+00:00,2376.087890625,2380.135986328125,2287.55322265625,2331.513916015625,2331.513916015625,19909161913,0.0,0.0
2026-04-24 00:00:00+00:00,2331.56884765625,2337.2666015625,2301.52734375,2315.690185546875,2315.690185546875,13371168064,0.0,0.0
2026-04-25 00:00:00+00:00,2315.741455078125,2323.410400390625,2302.201171875,2318.8291015625,2318.8291015625,6545621782,0.0,0.0
2026-04-26 00:00:00+00:00,2318.906494140625,2379.32421875,2307.565185546875,2369.72900390625,2369.72900390625,10622966933,0.0,0.0
2026-04-27 00:00:00+00:00,2369.841796875,2403.7265625,2267.409423828125,2303.06396484375,2303.06396484375,17879618684,0.0,0.0
2026-04-28 00:00:00+00:00,2303.079833984375,2310.442138671875,2259.057373046875,2289.419677734375,2289.419677734375,12761522276,0.0,0.0
2026-04-29 00:00:00+00:00,2289.412109375,2345.939697265625,2221.223876953125,2253.415771484375,2253.415771484375,21884731493,0.0,0.0
2026-04-30 00:00:00+00:00,2253.484375,2277.71826171875,2232.130859375,2256.251220703125,2256.251220703125,12309496389,0.0,0.0
2026-05-01 00:00:00+00:00,2256.344970703125,2324.7880859375,2256.078125,2295.09375,2295.09375,13243880777,0.0,0.0
2026-05-02 00:00:00+00:00,2295.04443359375,2339.74365234375,2292.72265625,2316.23193359375,2316.23193359375,6905015549,0.0,0.0
2026-05-03 00:00:00+00:00,2316.2109375,2354.710205078125,2297.55322265625,2321.6357421875,2321.6357421875,9861070993,0.0,0.0
2026-05-04 00:00:00+00:00,2321.81640625,2397.6083984375,2309.260986328125,2346.39697265625,2346.39697265625,25497505008,0.0,0.0
2026-05-05 00:00:00+00:00,2346.4150390625,2398.83349609375,2344.934326171875,2361.1826171875,2361.1826171875,17739612383,0.0,0.0
2026-05-06 00:00:00+00:00,2361.290771484375,2423.040283203125,2338.483154296875,2350.802001953125,2350.802001953125,22745786496,0.0,0.0
2026-05-07 00:00:00+00:00,2350.8525390625,2351.738037109375,2280.814697265625,2291.107666015625,2291.107666015625,23409823896,0.0,0.0
2026-05-08 00:00:00+00:00,2291.07568359375,2320.692138671875,2265.833251953125,2306.97216796875,2306.97216796875,20013463010,0.0,0.0
2026-05-09 00:00:00+00:00,2307.069580078125,2336.927001953125,2300.544921875,2326.727294921875,2326.727294921875,12217205123,0.0,0.0
2026-05-10 00:00:00+00:00,2326.744384765625,2381.263916015625,2313.127197265625,2369.0439453125,2369.0439453125,19587186882,0.0,0.0
2026-05-11 00:00:00+00:00,2369.193359375,2374.303466796875,2305.080810546875,2339.36083984375,2339.36083984375,15525623296,0.0,0.0
2026-05-12 00:00:00+00:00,2339.287109375,2339.6904296875,2256.41943359375,2274.6435546875,2274.6435546875,16145394773,0.0,0.0
2026-05-13 00:00:00+00:00,2274.591796875,2322.233154296875,2233.55322265625,2257.576416015625,2257.576416015625,15193768365,0.0,0.0
2026-05-14 00:00:00+00:00,2257.57177734375,2317.948486328125,2238.471923828125,2280.934814453125,2280.934814453125,17563432027,0.0,0.0
2026-05-15 00:00:00+00:00,2280.933349609375,2298.686279296875,2204.765380859375,2223.328857421875,2223.328857421875,18146855938,0.0,0.0
2026-05-16 00:00:00+00:00,2223.33837890625,2229.845947265625,2162.048828125,2179.751953125,2179.751953125,11451672017,0.0,0.0
2026-05-17 00:00:00+00:00,2179.820068359375,2195.86767578125,2168.983642578125,2192.81005859375,2192.81005859375,7940917248,0.0,0.0
